<?xml version="1.0" encoding="UTF-8"?>
<configuration>

    <property name="DEV_HOME" value="logs" />

    <appender name="STDOUT" class="ch.qos.logback.core.ConsoleAppender">
        <layout class="ch.qos.logback.classic.PatternLayout">
            <Pattern>
                %d{yyyy-MM-dd HH:mm:ss} [%thread] %-5level %logger{36} -
                %msg%n
            </Pattern>
        </layout>
    </appender>

    <appender name="FILE-AUDIT"
              class="ch.qos.logback.core.rolling.RollingFileAppender">
        <file>${DEV_HOME}/debug.log</file>
        <encoder class="ch.qos.logback.classic.encoder.PatternLayoutEncoder">
            <Pattern>
                %d{yyyy-MM-dd HH:mm:ss} [%thread] %-5level %logger{36} -
                %msg%n
            </Pattern>
        </encoder>

        <rollingPolicy class="ch.qos.logback.core.rolling.TimeBasedRollingPolicy">
            <!-- rollover daily -->
            <fileNamePattern>${DEV_HOME}/archived/debug.%d{yyyy-MM-dd}.%i.log
            </fileNamePattern>
            <timeBasedFileNamingAndTriggeringPolicy
                    class="ch.qos.logback.core.rolling.SizeAndTimeBasedFNATP">
                <maxFileSize>10MB</maxFileSize>
            </timeBasedFileNamingAndTriggeringPolicy>
        </rollingPolicy>

    </appender>

    <appender name="FILE-ERROR"
              class="ch.qos.logback.core.rolling.RollingFileAppender">
        <file>${DEV_HOME}/error.log</file>
        <encoder class="ch.qos.logback.classic.encoder.PatternLayoutEncoder">
            <Pattern>
                %d{yyyy-MM-dd HH:mm:ss} [%thread] %-5level %logger{36} -
                %msg%n
            </Pattern>
        </encoder>

        <rollingPolicy class="ch.qos.logback.core.rolling.TimeBasedRollingPolicy">
            <!-- rollover daily -->
            <fileNamePattern>${DEV_HOME}/archived/error.%d{yyyy-MM-dd}.%i.log
            </fileNamePattern>
            <timeBasedFileNamingAndTriggeringPolicy
                    class="ch.qos.logback.core.rolling.SizeAndTimeBasedFNATP">
                <maxFileSize>10MB</maxFileSize>
            </timeBasedFileNamingAndTriggeringPolicy>
        </rollingPolicy>

    </appender>
  <Logger name="com.example.web.GreetingController" level="error" additivity="false">
			<AppenderRef ref="Console" />
			<AppenderRef ref="File" />
		</Logger>

    <!-- Send logs to both console and file audit -->
   <!-- <logger name="com.example.web.GreetingController" level="debug"
            additivity="false">
        <appender-ref ref="FILE-AUDIT" />
        <appender-ref ref="STDOUT" />
    </logger>-->

    <root level="error">
        <appender-ref ref="FILE-ERROR" />
    </root>

</configuration>