<?xml version="1.0" encoding="UTF-8"?>
<Configuration status="warn">
	<Properties>
		<Property name="basePath">./logs</Property>
	</Properties>

    <Appenders>
    
        <RollingFile name="File" fileName="${basePath}/FileOutput.log" filePattern="${basePath}/prints-%d{yyyy-MM-dd}.log">
            <PatternLayout pattern="%d{HH:mm:ss.SSS} [%t] %-5level %logger{36} - %msg%n"/>
            <SizeBasedTriggeringPolicy size="500" />
        </RollingFile>

    	<!-- Console appender configuration -->
        <Console name="console" target="SYSTEM_OUT">
            <PatternLayout
                pattern="%d{yyyy-MM-dd HH:mm:ss} %-5p %c{1}:%L - %m%n" />
        </Console>
    </Appenders>
    <Loggers>
       <!-- <Logger name="org.example.Test1" level="error" additivity="false">
			AppenderRef ref="Console" /
			<AppenderRef ref="File" />
		</Logger>-->

    	<!-- Root logger referring to console appender -->
        <Root level="info" additivity="false">
            <AppenderRef ref="console" />
        </Root>
    </Loggers>
</Configuration>

